dicom_path,frame_index,engine,latency_ms,ocr_confidence,parsed_measurements,text_preview
../database_stage/files/p10/p10002221/s94106955/94106955_0006.dcm,0,tesseract,88.24289699987276,0.96,0,ACE
../database_stage/files/p10/p10002221/s94106955/94106955_0006.dcm,1,tesseract,90.22893500059581,0.42299999999999993,0,"ACE
or
aw
‘
i
aS
-
ae
ay
“="
../database_stage/files/p10/p10002221/s94106955/94106955_0006.dcm,2,tesseract,101.50759800035303,0.446923076923077,0,"ACE
\
.
Ae
a
a
y
RS
~
See
10
os
a"
../database_stage/files/p10/p10002221/s94106955/94106955_0006.dcm,3,tesseract,91.34633100075007,0.4555555555555556,0,"ACE
_&
ag
~_
-
=
SS
:
a"
../database_stage/files/p10/p10002221/s94106955/94106955_0006.dcm,4,tesseract,91.72844299973804,0.445,0,"ACE
“eee
J
~
=
ee,"
../database_stage/files/p10/p10002221/s94106955/94106955_0006.dcm,5,tesseract,87.41168599954108,0.3171428571428571,0,"ACE
Z
|
t
y
%
SS"
../database_stage/files/p10/p10002221/s94106955/94106955_0006.dcm,6,tesseract,88.89510399967548,0.4354545454545455,0,"ACE
x
rq
d
3;
+i
a
10
~
=
ae"
../database_stage/files/p10/p10002221/s94106955/94106955_0006.dcm,7,tesseract,91.8685140004527,0.35250000000000004,0,"ACE
>
Fe
git
3
~
-
-"
../database_stage/files/p10/p10002221/s94106955/94106955_0006.dcm,8,tesseract,133.43684200026473,0.3284,0,"ACE
N
‘
""ah
‘
—-?
ae
ee
cipal
tt
a
ae
.
po
Ss
a
>.
4
SS
=———
—-
=
al
—
ee"
../database_stage/files/p10/p10002221/s94106955/94106955_0006.dcm,9,tesseract,92.08599100020365,0.33222222222222225,0,"ACE
‘
~
‘
+
‘
gressS
Ss
—"
../database_stage/files/p10/p10002221/s94106955/94106955_0006.dcm,10,tesseract,111.17075699985435,0.4130000000000001,0,"ACE
‘
‘
hi
a
rq
‘i
é
-—_
¥
x
>
+
ee
sae
ae
y
~~.
—
—"
../database_stage/files/p10/p10002221/s94106955/94106955_0006.dcm,11,tesseract,114.82879499999399,0.28187499999999993,0,"ACE
~
A,
par,
~
eS
=
<
Re
et
Ss
———
SE
—
»
—"
../database_stage/files/p10/p10002221/s94106955/94106955_0006.dcm,12,tesseract,88.83044399954088,0.38,0,"ACE
~“
Vg
weet
ne.
ai
8"
../database_stage/files/p10/p10002221/s94106955/94106955_0006.dcm,13,tesseract,109.71827499997744,0.3628571428571428,0,"ACE
ott
ee
i
=
ea
_”™
et
Se
5
ae
‘et
—
="
../database_stage/files/p10/p10002221/s94106955/94106955_0006.dcm,14,tesseract,96.00063800007774,0.2869230769230769,0,"ACE
“
.
.
‘
*
~
i
ef
-
i
oe
-"
../database_stage/files/p10/p10002221/s94106955/94106955_0006.dcm,15,tesseract,77.64944100017601,0.496,0,"ACE
y
s
—
ame"
../database_stage/files/p10/p10002221/s94106955/94106955_0006.dcm,16,tesseract,86.78755900018587,0.41125,0,"ACE
>
f
=
Soe
ee
i!
ae"
../database_stage/files/p10/p10002221/s94106955/94106955_0006.dcm,17,tesseract,82.8738339996562,0.41500000000000004,0,"ACE
‘
S
er"
../database_stage/files/p10/p10002221/s94106955/94106955_0006.dcm,18,tesseract,109.20961499959958,0.34874999999999995,0,"ACE
‘
10
sa
*
ae
‘
—R
a
+>
i.
se
‘
>
oe
St
=
oe
a!
.
_
=
=
="
../database_stage/files/p10/p10002221/s94106955/94106955_0006.dcm,19,tesseract,84.80507900003431,0.6,0,"ACE
10
ss
al"
../database_stage/files/p10/p10002221/s94106955/94106955_0006.dcm,20,tesseract,75.24944000033429,0.95,0,ACE
../database_stage/files/p10/p10002221/s94106955/94106955_0006.dcm,21,tesseract,108.01540600004955,0.3157142857142857,0,"ACE
XS,
ii
cal
a
get
igh
SS
“4
‘
ci
;
—_
~~"
../database_stage/files/p10/p10002221/s94106955/94106955_0006.dcm,22,tesseract,112.88654899999528,0.3684210526315789,0,"ACE
\,
~
hh
td
ae
ee
10
.a
—s.
%
—
=
“4
~
~s
——
Aa
="
../database_stage/files/p10/p10002221/s94106955/94106955_0006.dcm,23,tesseract,106.73402400061605,0.33647058823529413,0,"ACE
.
10
;
SSA
a
y
ss
SS
Pe
y
\
~
a
=
=<
“."
../database_stage/files/p10/p10002221/s94106955/94106955_0006.dcm,24,tesseract,92.58304800005135,0.41333333333333333,0,"ACE
oF
os
o
BAYS
SR"
../database_stage/files/p10/p10002221/s94106955/94106955_0006.dcm,25,tesseract,140.8299619997706,0.2714285714285714,0,"ACE
~“
‘
pu
.
s
‘he
“ae
a
.
%
oe
,
ais
he
N
wae
q
a
Fee
tf
YS
ae.
Se
cS
=
—=
ee,"
../database_stage/files/p10/p10002221/s94106955/94106955_0006.dcm,26,tesseract,76.58334000007017,0.585,0,"ACE
‘"
../database_stage/files/p10/p10002221/s94106955/94106955_0006.dcm,27,tesseract,120.9966379992693,0.2444444444444444,0,"ACE
~“
2
Dt
“7
pe
=~
“ied
aie
>.<
ees
os
os
i
Ss
a
&
a"
../database_stage/files/p10/p10002221/s94106955/94106955_0006.dcm,28,tesseract,128.46049099971424,0.28687500000000005,0,"ACE
\
x
i
a)
~
he
Y
ae
.
ed
z
x
hides.
ie
oe
wae
.
Sa
=
10
aeeee.
=
Sand
SS
a
—_
2
SS:
:
=
:"
../database_stage/files/p10/p10002221/s94106955/94106955_0006.dcm,29,tesseract,84.15451400014717,0.418,0,"ACE
EN
SS
=
5"
../database_stage/files/p10/p10002221/s94106955/94106955_0006.dcm,30,tesseract,101.36608300035732,0.2725,0,"ACE
‘
Me
WY
Zi
a
:
&
»
.
—_—-
-
oe
ra
_-
-—"
../database_stage/files/p10/p10002221/s94106955/94106955_0006.dcm,31,tesseract,100.51414200006548,0.35428571428571426,0,"ACE
~
z
iis
-
s
é
.
sae
yx
=.
“~~
=
=e"
../database_stage/files/p10/p10002221/s94106955/94106955_0006.dcm,32,tesseract,122.49904199961748,0.34636363636363643,0,"ACE
‘.
No
a
.
‘
SY
ay
|
‘SE
Po
ce
SS
a
eas
=
2
‘
ee
“as
__
eer"
../database_stage/files/p10/p10002221/s94106955/94106955_0006.dcm,33,tesseract,111.72087300019484,0.30666666666666664,0,"ACE
‘
eo
me
§
at
a
ttt
~~
AS
ee
.%5
.
=
ae"
../database_stage/files/p10/p10002221/s94106955/94106955_0006.dcm,34,tesseract,99.85033299926727,0.22875,0,"ACE
XS
‘
BE
%
“Se
a
.
x
Py)
“
+s
<=
——S
i
*"
../database_stage/files/p10/p10002221/s94106955/94106955_0006.dcm,35,tesseract,145.7004429994413,0.26481481481481484,0,"ACE
*
*
.
ae
a
hay
10
as;
aS
Fa
2
ee
es
~
4
4
Se
SS
Ss
7
>
a
a
ge
_—=
“ae"
../database_stage/files/p10/p10002221/s94106955/94106955_0006.dcm,36,tesseract,125.22271500074567,0.36666666666666664,0,"ACE
NS
Lin
at
sae
a
\<~
“Say
~
ee
pee
a
>.
ae
ae
vt
>
SS"
../database_stage/files/p10/p10002221/s94106955/94106955_0006.dcm,37,tesseract,110.31252199973096,0.4246666666666667,0,"ACE
>
ee.
~
nd
~~
ih
Se
se
‘
&
Nie
se
ae
>"
../database_stage/files/p10/p10002221/s94106955/94106955_0006.dcm,38,tesseract,124.98132499968051,0.26799999999999996,0,"ACE
N
he
oo
a.
o
i
=
a
—
\S,
Se
Sos
<
as
.
:
~
ee
a"
../database_stage/files/p10/p10002221/s94106955/94106955_0006.dcm,39,tesseract,92.3477879996426,0.4825,0,"ACE
\
_.
SS"
../database_stage/files/p10/p10002221/s94106955/94106955_0006.dcm,40,tesseract,123.23268100044515,0.2834782608695653,0,"ACE
bs
‘
ss
sd
3
x
a
~
he
3
ee
‘
Sores
ee
hs
Pt
na
A
ar
i
——
—_"
../database_stage/files/p10/p10002221/s94106955/94106955_0006.dcm,41,tesseract,95.1477739999973,0.2316666666666667,0,"ACE
‘,
(Saas
ys
=
~
“
.
*
=“,
2.
ae"
../database_stage/files/p10/p10002221/s94106955/94106955_0006.dcm,42,tesseract,107.79973099943163,0.3353846153846154,0,"ACE
‘
yo
eS
=
=>
a
:
as
Spee.
~~
-——
ae"
../database_stage/files/p10/p10002221/s94106955/94106955_0006.dcm,43,tesseract,117.43813399971259,0.2721052631578948,0,"ACE
\
x
f
#
ae
—
de
a
val
y
nt
pe
|
Ss
SSS
‘
Se
:"
../database_stage/files/p10/p10002221/s94106955/94106955_0006.dcm,44,tesseract,101.1125989998618,0.29624999999999996,0,"ACE
\
a
a
qav
SoS
Se
Oe"
../database_stage/files/p10/p10002221/s94106955/94106955_0006.dcm,45,tesseract,110.90518800028804,0.37900000000000006,0,"ACE
‘.
‘.
<<
oe
i.
“Sy
~
:
:
ee
N
ys
=
-
=
=
a
i
——"
../database_stage/files/p10/p10002221/s94106955/94106955_0006.dcm,46,tesseract,92.45029800058546,0.3358333333333334,0,"ACE
.
fm
2
1
~
|
a
0
BSe
a
is"
../database_stage/files/p10/p10002221/s94106955/94106955_0006.dcm,47,tesseract,110.92375299995183,0.2786666666666667,0,"ACE
‘
y
Se
=>
y
a
™
—
be
=
yO
——
>
ee"
../database_stage/files/p10/p10002221/s94106955/94106955_0006.dcm,48,tesseract,93.83944100045483,0.3500000000000001,0,"ACE
‘
6
oe
heer
e
aS
——"
../database_stage/files/p10/p10002221/s94106955/94106955_0006.dcm,49,tesseract,98.17366200059041,0.4435294117647059,0,"ACE
N.
10
Ls
ee
Pe
=
.
—
“sf
ind
-—
""
=
*
~
4"
../database_stage/files/p10/p10002221/s94106955/94106955_0006.dcm,50,tesseract,132.86297700051364,0.29285714285714287,0,"ACE
~
i
at
yet
te
ge
hy
<a
tte
1
’
ae
5
=
aa
“7
‘
%&
2
ae
¥
a
~—
ANTS
~,
—-
eee
‘
‘
~
~
——_
—_
ae"
../database_stage/files/p10/p10002221/s94106955/94106955_0006.dcm,51,tesseract,77.72631299940258,0.48,0,"ACE
."
../database_stage/files/p10/p10002221/s94106955/94106955_0006.dcm,52,tesseract,169.7713739995379,0.31625000000000003,0,"ACE
~“
Pref
Vv
~
oe,
+
f'
ae
ak
a
&.
:
on,
»
ae
=e
re
+
ar
3
oy
aS,
he
ae
10
—
—
i
\
Se
tt
oe
Rae
+
=.
a
~
et
a"
../database_stage/files/p10/p10002221/s94106955/94106955_0006.dcm,53,tesseract,111.67558600027405,0.224375,0,"ACE
‘
‘
ey
:
i
at
“
oN
=
——,
a
_
~~
So
—_"
../database_stage/files/p10/p10002221/s94106955/94106955_0006.dcm,54,tesseract,109.50157800016314,0.29857142857142854,0,"ACE
\
bd
‘
it
Ps
4
aaa
ee
10,
Re
—.
Yeas
ae"
../database_stage/files/p10/p10002221/s94106955/94106955_0006.dcm,55,tesseract,80.33318800062261,0.35750000000000004,0,"ACE
‘
we
WV"
../database_stage/files/p10/p10002221/s94106955/94106955_0006.dcm,56,tesseract,136.18634999966162,0.321923076923077,0,"ACE
\
‘
fi
i
a
%
te
er
ie
ee
eae
so
_
1
‘
=
=
ss
——
-_
—_
ys
‘
=
lS"
../database_stage/files/p10/p10002221/s94106955/94106955_0006.dcm,57,tesseract,110.10758799966425,0.3914285714285714,0,"ACE
\,
.
én
_
ee
FS
ee
[=
=
=
2
—
=<"
../database_stage/files/p10/p10002221/s94106955/94106955_0006.dcm,58,tesseract,103.5226159992817,0.358,0,"ACE
‘
SS
ae
ee"
../database_stage/files/p10/p10002221/s94106955/94106955_0007.dcm,0,tesseract,127.61540100018465,0.28192307692307694,0,"ACE
bs
2.
¥
Pe
a
~
J
i""
sal
_—.
eG
ee
at
2
ome
=
+
=
-
“<7
t.
2
-
aoe
a"
../database_stage/files/p10/p10002221/s94106955/94106955_0007.dcm,1,tesseract,167.62543700042443,0.26026315789473686,0,"ACE
ys
ee
onl
>
Tt:
‘t
Mee
a
aa
ae
wo
aw
yee
te
wot:
.
aa”
«<a
;
J
,
$
~
na
<a
2
“
‘
=
3
-_.*
%
a
_™
=
1}
4s"
../database_stage/files/p10/p10002221/s94106955/94106955_0007.dcm,2,tesseract,109.73288999957731,0.27961538461538465,0,"ACE
»
ass
|
al
‘
el
*
a
~
.*
‘
=
at
'
-
~
fr
“@
.
a
.
ae
—@
=
:"
../database_stage/files/p10/p10002221/s94106955/94106955_0007.dcm,3,tesseract,149.49181600059092,0.28073170731707314,0,"ACE
v
-
foe
‘
a
7
7
at
a
a
.
A
+
~
2
-
=~
~
x
Ny
ae
3
Ars
ws
—
€
——
=
-
J
~
.
——a
7
‘
He
os
=
1
2S"
../database_stage/files/p10/p10002221/s94106955/94106955_0007.dcm,4,tesseract,104.38571699978638,0.3919047619047619,0,"ACE
.
,
v
.
aa
i
ee
‘
r
_
—
a,
any
k,
_
“Ss
=
*
-
:"
../database_stage/files/p10/p10002221/s94106955/94106955_0007.dcm,5,tesseract,160.7012719996419,0.28803921568627444,0,"ACE
ie.
eee
|
ee
»
ae
“—\,
.
‘
*
r
‘
all
hey
or,
~
~
7
:
.
‘
a
=
a
Prt
gin
:
Y
~~
Ty
geese
*
\
i
aes
<<a
=
—_
‘
.
.
<
%
"
../database_stage/files/p10/p10002221/s94106955/94106955_0007.dcm,6,tesseract,173.42617400026938,0.29303030303030303,0,"ACE
ie
WV
ere
Ai
Se
if
am
|
rae
‘
ee
og
ge
ae
‘
~
3
ae
aoe
*
re
eo
es.
fe
’
>.
Sa
as:
ee
.
10
a"
../database_stage/files/p10/p10002221/s94106955/94106955_0007.dcm,7,tesseract,156.83791999981622,0.2727272727272727,0,"ACE
i
ry
Ale
x
ee
a
55
ie
ar
og
.
~~.""
1
an
te
‘
=
Be
a,
yt
ae
“tes
“—.
~
‘
“=~
—
of
re
.a
~
_"
../database_stage/files/p10/p10002221/s94106955/94106955_0007.dcm,8,tesseract,118.67489100040984,0.3274999999999999,0,"ACE
Ys
eer
vale
‘
——
-
wt
a
.
=
Sgt
at
°
re
*
:
a:
ee.
.
-
a.
Nina
ae"
../database_stage/files/p10/p10002221/s94106955/94106955_0007.dcm,9,tesseract,167.12356900006853,0.2694594594594594,0,"ACE
ee
-
ea
a
+
Li
.
a
anaes
A
:
wt
»
Ps
ye
Ls
-
a
x
*
~~
=
-
a
<
l
*
e
™
ah
a
_-
—.
a
hf
_—"
../database_stage/files/p10/p10002221/s94106955/94106955_0007.dcm,10,tesseract,129.91913899986685,0.3135714285714286,0,"ACE
yp
rey,
fe
an
by
7%
:
:
al
=
yo
_
en
ae
s
Se
w
al
=?
ae
“|
aes
‘
eS
“ar
—
—"
../database_stage/files/p10/p10002221/s94106955/94106955_0007.dcm,11,tesseract,112.85404299997026,0.35105263157894745,0,"ACE
bn
a.
Pee
Zi
pies
sg""
.
~.
>
<
3.
oe
=
Ha
10.
SS
.
="
../database_stage/files/p10/p10002221/s94106955/94106955_0007.dcm,12,tesseract,105.85542900025757,0.24937499999999999,0,"ACE
bn
efe.
.
Ses
oe
gute
J
‘
.
eee”
‘
——
=
eae
-"
../database_stage/files/p10/p10002221/s94106955/94106955_0007.dcm,13,tesseract,123.05381399983162,0.24291666666666667,0,"ACE
y
ae
na
ete
~
ar
.
a
Se
_
-
.
<>
ae
7
O
;
:
.*
>
:
‘
3"
../database_stage/files/p10/p10002221/s94106955/94106955_0007.dcm,14,tesseract,116.36212299981707,0.35333333333333333,0,"ACE
Dn
ie
b
«
3H
i
£
Bats
#8
~~
.-
a
iors
“2
.
2
‘a>
10
cs
4
~
~
7"
../database_stage/files/p10/p10002221/s94106955/94106955_0007.dcm,15,tesseract,141.95670899971446,0.3383333333333334,0,"ACE
iy
ion
te
eS
an
Be
%
“e
se
ret
ey
re
—
é
mn
+
sf
=
.*-
=
Tx
oe}
=
.
=
a
iy
.
oe
a,
Sn
=
10
~<a
""LS"
../database_stage/files/p10/p10002221/s94106955/94106955_0007.dcm,16,tesseract,143.26596400042035,0.2412820512820513,0,"ACE
Na
,
.
V
‘
.
ee
a
.
“a
-
x
*
“a
‘
a,
..
ok
y.
a
~<O
gta
iy
—
,
Pr
Sw
:
—
w
SS
:
a
‘‘_
10
——~
.
=."
../database_stage/files/p10/p10002221/s94106955/94106955_0007.dcm,17,tesseract,148.50246799960587,0.2813157894736843,0,"ACE
ery,
|,
aie
oy
ool
ig
ee
ae
s
>
+
7
_
ae
mo
Pe
>
e-""
5
7k
Ne
Shh
‘
.
aS
sae
PS
2
xy
~
~~""
a
4
—a
7
.
“-"
../database_stage/files/p10/p10002221/s94106955/94106955_0007.dcm,18,tesseract,141.08395899984316,0.2919354838709676,0,"ACE
a,
anaen”
A
.
rev
,
.
en
“3
Fea
es
fas
og
pty
BA
Pag
ae
/
.*
ae?
—
na
~~
a
+
oy
.
>
>
-"
../database_stage/files/p10/p10002221/s94106955/94106955_0007.dcm,19,tesseract,126.40776300031575,0.27782608695652167,0,"ACE
eV
=
a
ayes
Se
5
on
Peg
aie
_
—_
-
=a
eS
Sa
ae
:
~
~*~
*
,
*"
../database_stage/files/p10/p10002221/s94106955/94106955_0007.dcm,20,tesseract,110.98350100019161,0.33052631578947367,0,"ACE
%
op
My
ie
y
oo
ee
==
=
i
Tas
ice
y
.
>
:
1—
ae"
../database_stage/files/p10/p10002221/s94106955/94106955_0007.dcm,21,tesseract,159.79384499951266,0.2552500000000001,0,"ACE
eV
Prey
eo
*
Roe
lee
x
La
y
comet
P
~
*
rt
—
=
*F
4
2
a
"".
ba
*
\
=
teal
oF
_f*
2.
pea.
aes
‘~~
‘
_
*
Ss
d
.
+."
../database_stage/files/p10/p10002221/s94106955/94106955_0007.dcm,22,tesseract,166.2406600007671,0.2357142857142858,0,"ACE
a
me)
nee,
=
“
he
x
a
re
y
*
‘ak
seer
ml
.
i
-?
Anais
~
”
a
al
""
a.""
SS
ee
Ps
..""
not
~,
:
a
=.
‘aa
re
a
“~~
onl
-
="
../database_stage/files/p10/p10002221/s94106955/94106955_0007.dcm,23,tesseract,144.72923399989668,0.2864285714285715,0,"ACE
a
me
Py
=
4
ae
t
a
eos
Poa
Ge
se
:
“
st
2.
peat
«.
See
‘
:
eS
SE
—
c
ei
."
../database_stage/files/p10/p10002221/s94106955/94106955_0007.dcm,24,tesseract,153.87916400050017,0.3283783783783784,0,"ACE
ee
rt,
dean
a
Oe
STS
oe
x
aay
df
piel
I
x
>
ees
E
ae
—
n
*
ae
~
eer
ee
‘
vs
9
Ue
ai
>
So
©
.
=
1
os"
../database_stage/files/p10/p10002221/s94106955/94106955_0007.dcm,25,tesseract,122.4648529996557,0.31272727272727274,0,"ACE
Sp.
ey
ert
ee
Vt
mah
‘
eee
ee
%
amie
eae
x
ss
he
oa
-
=
1
—
’"
../database_stage/files/p10/p10002221/s94106955/94106955_0007.dcm,26,tesseract,143.87602100032382,0.30388888888888893,0,"ACE
ee
ee
.
ety
ee
ye
be
aa?
~
-
iis
=.
vie
S
:
A
ile
a
ee
‘
.
«|
eae
3
hohe
‘
rT
2
-
1
a:
SS
-
a
;"
../database_stage/files/p10/p10002221/s94106955/94106955_0007.dcm,27,tesseract,160.47711000010167,0.2662162162162163,0,"ACE
ee
Pte
pte
oe
ee
Ss
°
a
a
i
om
~
>
i
a
,
ae
+.
rt
.
“See
oo
“aA
~,
eae
2
et
‘
yaa
i
)
e
10
;
‘
+"
../database_stage/files/p10/p10002221/s94106955/94106955_0007.dcm,28,tesseract,135.33007800015184,0.2755555555555556,0,"ACE
ee
.
thy
ee
“<—
*
Pood
te
oe
ia
ed
-
Y
See
.
—
»
ve
*
~
.
me
—
er
©
="
../database_stage/files/p10/p10002221/s94106955/94106955_0007.dcm,29,tesseract,204.3132280005011,0.28365079365079365,0,"ACE
oe
oe
_
te
LF
eee
*
.
a
Ft
<a
;
phen,
a
Le
3
Pe
is:
S
fade
le
A
A
>
er
a
ay
‘
=
:
Sa
i.
al
et
Ot
‘
=a
~
=
ae
’
>
-
“"
../database_stage/files/p10/p10002221/s94106955/94106955_0007.dcm,30,tesseract,155.62948000024335,0.2735714285714285,0,"ACE
ee
r
ae
nih
y
«
adlGO
Se
,
ih
*
.
:
hs
4
wil
ao
%
AES
4
aro.
:
™
f
se
5
y
~~
ae
‘
os
=
~Sey
w
Ss.
=
=
_
ty
108
—"
../database_stage/files/p10/p10002221/s94106955/94106955_0007.dcm,31,tesseract,158.93792500082782,0.2423076923076922,0,"ACE
ee
=
reve
‘
i
:
‘
2
.
i
A:
=
é
a
<
-
”
“
re
-
Ny
oe
y
a).
a
+
fe.
—
‘
Ce
=
’
=~
~~.
-
ig
==
~"
../database_stage/files/p10/p10002221/s94106955/94106955_0007.dcm,32,tesseract,101.99337900030514,0.296875,0,"ACE
ee
.
fs
lait
ee
‘
bes
oad
_—
£
d
_—
——-~
ye
:"
../database_stage/files/p10/p10002221/s94106955/94106955_0007.dcm,33,tesseract,131.9749240001329,0.3121621621621621,0,"ACE
.
ye
re
a
-
.
tee
~
“©
raz
‘
=
""o""
~—
=
ee
sill
“
~
j
J
hes
=
Z
b
oe
wad
56
-
>)
*
a,
ea
—.
:
A"
../database_stage/files/p10/p10002221/s94106955/94106955_0007.dcm,34,tesseract,86.94261399978132,0.40888888888888886,0,"ACE
.
4
aan
—
10
'
a.
“S"
../database_stage/files/p10/p10002221/s94106955/94106955_0007.dcm,35,tesseract,158.9237089992821,0.33097560975609763,0,"ACE
a
Pes
‘et
om
*
‘
‘hash
A
id
¥
ge
*
.
a
en
ten
SN
>
ag
LS
ml
hn
+o
ae
ae
aes
,
x
*
a
_—
=
—-
""|
a
1
a
‘.
3
-"
../database_stage/files/p10/p10002221/s94106955/94106955_0007.dcm,36,tesseract,169.37439699995593,0.27590909090909094,0,"ACE
a
tle
a
s
Ys
ay
a
pee
.
""
;
a
Oe
ae
mi
>...
x
-
in
“at:
bs
—
tae
ay
=
=e
*
a
a
eS
=
.
<
-
os
i
56
«>
a
‘>
a
2
hy"
../database_stage/files/p10/p10002221/s94106955/94106955_0007.dcm,37,tesseract,135.45401800001855,0.3203125,0,"ACE
a
“+
it
Oe
wk
‘
»
=
oe
“2
a
:
s
=
ore
—_
a
oe
er
x
ee
""
69
os
ae
.
a
:
~
—
<u"
../database_stage/files/p10/p10002221/s94106955/94106955_0007.dcm,38,tesseract,159.30897799989907,0.3336842105263157,0,"ACE
ee
*
oad
e.
.
er
+
Fa
i
re
LS
ee
oy
ene
earners
‘
yet
aw
~*~
ue
om
YS
ee
Bes
pooh
-
>
Sar
oe
.
at
Yes
~~
ede
10
=
—-"
../database_stage/files/p10/p10002221/s94106955/94106955_0007.dcm,39,tesseract,127.5458059999437,0.2942307692307692,0,"ACE
ee
ee
ne
UL
-.
fe
ig”
i.
AT
g
a”
“.
3
Wee
SS
%
*
a
a
i.
a
i.
‘tn
—
a"
../database_stage/files/p10/p10002221/s94106955/94106955_0007.dcm,40,tesseract,105.05534299954888,0.41538461538461535,0,"ACE
Ss.
oie
9
y
ee
4S:
en
x
a
ie
&
Ses"
../database_stage/files/p10/p10002221/s94106955/94106955_0007.dcm,41,tesseract,143.00692599954345,0.3444117647058823,0,"ACE
Ys
ee
i
ior
a
vi
Pani
eg
ae
\
fam.
Se
Pg
8
a
~
=
as
we
""
‘
.
»
ae
10
ee,
“
2
=a
—
.
—_——“™
eo"
../database_stage/files/p10/p10002221/s94106955/94106955_0007.dcm,42,tesseract,106.6189420007504,0.21777777777777776,0,"ACE
»
ee
a
niin
“a
as
<
a
i
<=
a?
e
-
%
=
s
oe"
../database_stage/files/p10/p10002221/s94106955/94106955_0007.dcm,43,tesseract,141.6991850001068,0.31292682926829263,0,"ACE
ee
5
ae
aa
od
s
ys
oh
hon
te
‘
3
Wow
y..
SS
Ps
ei
pa:
are
oe
‘
.
r
+.
ee
i
7
=
ae
ey
=~
«=
=
10
.
™
al
.
at
aA"
../database_stage/files/p10/p10002221/s94106955/94106955_0007.dcm,44,tesseract,135.8037810005044,0.3131428571428571,0,"ACE
ey
Ae.
fat!
aen
~
+
=
oe
bs
SS
‘ae
-
ene
i
x
*y
1
7
‘Teak
a
_
=
~
=
os
""3
7
a
-
-
10\,
a
i
a”"
../database_stage/files/p10/p10002221/s94106955/94106955_0007.dcm,45,tesseract,194.34982600068906,0.26865384615384613,0,"ey
ee
5
oh,
re
cw
-“
on
al
._
ey
7
en
fe
gh
oe
-
.
ee
Yi
‘
,
ae
-
+
Sea
=
oe
ty
rs.
“ea
5.
ee
ss
.
.
A
=s
*
.
.
=
si
_
o"
../database_stage/files/p10/p10002221/s94106955/94106955_0007.dcm,46,tesseract,149.52184699995996,0.31322580645161285,0,"ACE
ey
Ti
a
‘oC
al
x
ge
5
Lope
a
oe
*C
p
“\
>
*
i
‘
re
7
5,
NS,
=
.
5
SS
ws
F
lh—_
4a"
../database_stage/files/p10/p10002221/s94106955/94106955_0007.dcm,47,tesseract,166.94132300017372,0.2627777777777778,0,"ACE
ee
met
ne
‘
=
PS
fie
.
.
fee
Opa
A
«
yr
a
Bad.”
Pe
ai
apt
ays
=
>
-
a
rs
-
ae
o~
<i
ee
OS
Ma
~
<
ie"
../database_stage/files/p10/p10002221/s94106955/94106955_0007.dcm,48,tesseract,151.94372799942357,0.3355,0,"ACE
ye
es!
#
ra
.
“4
=
’
a
etn
se
Sor
a
mm
~
a
~
""
re
~
a
~~
-*
a
+
un
*)
aia
™
.
.
og
~~
“ar
‘
10
+"",
Ye
_"
../database_stage/files/p10/p10002221/s94106955/94106955_0007.dcm,49,tesseract,134.72806200024934,0.3013793103448277,0,"ACE
»
a
cert!
ya
:
i
ee
——
~
a
3
yt
Med
>.
We
ae
ar’
ny
pis
:
ae
cos
a
—
4
|
iri
-*;"
../database_stage/files/p10/p10002221/s94106955/94106955_0007.dcm,50,tesseract,159.64343099949474,0.23940000000000006,0,"ACE
ey
Are
ee
yl
‘
on
ent
«
—
ae
_
s
Ss
:
-
“|
‘
™.
ae
~~
:
‘
ee
Pee
>
~~
.s
he
‘
ot
acm
~
=
&
=
x
*
i
,
""
wa
:
—
WS
'
="
../database_stage/files/p10/p10002221/s94106955/94106955_0007.dcm,51,tesseract,145.59998500044458,0.27529411764705886,0,"ACE
.
eV
tt
aaa
~S
r
_
—
i
Lis”
2
eee
""
aS
r
""i
=
:
:
a
<<.
Ys
=%
4
pert
er
10
Tt.
o
Com
.
_
7"
../database_stage/files/p10/p10002221/s94106955/94106955_0007.dcm,52,tesseract,150.13566199922934,0.33864864864864863,0,"ACE
YY
een
yar
4
is
eS
a
oa:
=
ae
ae
ia
a
‘
‘
ae
ent
“fae
“>
ok
.
sh
a2
‘
Ss
:
‘
v
1
’
si
&
=
=
—
i"
../database_stage/files/p10/p10002221/s94106955/94106955_0007.dcm,53,tesseract,153.47824099990248,0.2916129032258064,0,"ACE
—
ee
Ms
Saco
Ft
ais
a
ar
oe
Jas
x
ae
~
ae
apne
a=
4
~
be
A
+
ae!
git
=
*
=.
——
.
1,4
ae"
../database_stage/files/p10/p10002221/s94106955/94106955_0007.dcm,54,tesseract,151.4270719999331,0.24058823529411763,0,"ACE
ae
3
a
io
.
as
-*
wy
wr
be
a
ty
;
Cal
1
por
Sater
a
de
ie
‘~~
-
~~
‘
a
a
y
—_—
4
i
-
-
mr"
../database_stage/files/p10/p10002221/s94106955/94106955_0007.dcm,55,tesseract,101.53384800014464,0.44181818181818183,0,"ACE
Ny
ar
-
.
ail
y
Se
ES?
‘
ee"
../database_stage/files/p10/p10002221/s94106955/94106955_0007.dcm,56,tesseract,153.23791300033918,0.2269444444444445,0,"ACE
ye
“a.
‘
==
“a
na
:
.
\
re
=
iy
~
7
—~
ed
‘
ot
ce
a,
-
:
ie
=f
.
.
2
an
yz
1
>.
Oe
A
Se
ee"
../database_stage/files/p10/p10002221/s94106955/94106955_0007.dcm,57,tesseract,145.87442700030806,0.34629629629629627,0,"ACE
ae
7
te
eo
aa
ths
-
‘
oe
®
=
Spl
“sa
en
ee
ae
ee
“|
=""
wa
p
a
—
104
>.
a"
../database_stage/files/p10/p10002221/s94106955/94106955_0007.dcm,58,tesseract,165.23570800018206,0.256923076923077,0,"ACE
Sy.
Ny
V
Aa
oe
~
Ca
oe
a
me
SS
x
pam
-
oe
-
eh
a
|
ee
ee
<i
-
™
~
Ces
.
~~
c=
>
ns
-
1.4
=
_
~
i
="
../database_stage/files/p10/p10002221/s94106955/94106955_0007.dcm,59,tesseract,182.9960889999711,0.30854166666666677,0,"ACE
ye
Jaa
we.
er
‘
atead
Le
>
Sica
te
‘
ha
se
4
ate
.
Ss
‘
~
""9
ia
Ps
a.
.
ae
rie.
aa
ae
man
aces
“J
.
=
;
‘>
.
x
ne
7
"
../database_stage/files/p10/p10002221/s94106955/94106955_0007.dcm,60,tesseract,125.94091800019669,0.29999999999999993,0,"ACE
\
‘
i,
V
a
A
ls
‘
St.
Fi
4
fon
—
ent
ees
x
2
|.
ree
‘
Mowe
Co
>
Pe
4
SS"
../database_stage/files/p10/p10002221/s94106955/94106955_0007.dcm,61,tesseract,157.84583299955557,0.2707894736842105,0,"ACE
ee
ee,
Pad
a
Be
wt
id
atee
ee
ia
vy
Ara
aa
.
x
a
,
‘
an
a
=<
g
wo
*Rens
a
>.
‘oan
=
“A
ax
Ss
—_
de
;
10
>
ae"
../database_stage/files/p10/p10002221/s94106955/94106955_0007.dcm,62,tesseract,175.49508800038893,0.29375,0,"ACE
SY.
sy
v
ee
—
tT
ee
%
A
4
.
oa
righean—
.
“Sa
Sp’
a
—
np
al
Pa
ee
x
“ea.
cag.
of
=
SS
ee
—-
eS
Ae
»
=f
7
10
io
Be
."
../database_stage/files/p10/p10002221/s94106955/94106955_0007.dcm,63,tesseract,144.0385289997721,0.22585365853658537,0,"ACE
Sw
.
v
Ds.
a
»
i
oT
ite
‘hae
‘~
e
y
aes,
7
..
—-
wes
:s
2)
ySatte4
P
‘
*
«""
*
”
a
ere
=""
=
SS
ae
‘
~~
a
“<a
1
A
|"
../database_stage/files/p10/p10002221/s94106955/94106955_0007.dcm,64,tesseract,162.2511060004399,0.264047619047619,0,"ACE
‘
a
.,
tr
eee
‘
o
as
_——
as
-
ig:
P
_
P
eas
da
‘.
x
4
——
é
og
eae
‘
~
4
SRO
ee
.
i
<a
""
~
<i
a>
~ig
<
-
1
""4m"
../database_stage/files/p10/p10002221/s94106955/94106955_0007.dcm,65,tesseract,127.78432799950679,0.3280645161290323,0,"ACE
»
i
-
v
»
was
.
s
.
ar
—
y.
eee
Ft
ees
+
—*
>
~
age
..
ae
ia
1
""
.
_
-
ie
-"
../database_stage/files/p10/p10002221/s94106955/94106955_0007.dcm,66,tesseract,142.4122520002129,0.2656666666666666,0,"ACE
rin!
anes,
ie
Sal
?
Se
pee
oe
al
ry
Dee
ee
-
=
>
oe
se
pe
-
—_
os
x
ee
we
me.
3
Fie
10.
“Pea"
../database_stage/files/p10/p10002221/s94106955/94106955_0007.dcm,67,tesseract,127.39338799929101,0.2776923076923076,0,"ACE
\
a
Le
As
.
ee
é
a
*
5
iy
.
a
fe.
ee.
“y
Tp
-
aed
y
an
x
.
-
—"
../database_stage/files/p10/p10002221/s94106955/94106955_0007.dcm,68,tesseract,159.49031099989952,0.2881249999999999,0,"ACE
S
~
eT
al
.
Ye
a>
.
<a
ie
aly
‘
a
é
CG
-
-
<
~~
a
ee
x
'
Ses
es
=
‘
>a
sil
wn
ai
sr
oe
.
sk
a
ee
~
~
=
+
7""
=~
1
_
—"
../database_stage/files/p10/p10002221/s94106955/94106955_0007.dcm,69,tesseract,100.48874600033741,0.332,0,"ACE
YY.
—_—_
‘
Ess:
™
x
35
‘
,
i
Ss
%
1
=
x
.
-
“
_"
../database_stage/files/p10/p10002221/s94106955/94106955_0007.dcm,70,tesseract,153.5202869999921,0.25333333333333335,0,"ACE
ae
s
Tat
2""
Le
Fraps
pra
-
a
J
ee
x
aT
-
innit
as
ae
‘
;
a=
x
~~
.
ms
>
ag
a
""
~~
~~)
.
=
_—
4
.
2
“<-
*
—
—
™"
../database_stage/files/p10/p10002221/s94106955/94106955_0007.dcm,71,tesseract,146.14653300031932,0.3110416666666667,0,"ACE
Ss
.
eV
._
aes
aeat,
BN
6er
LL
er
te
be
“
ia
eee
a
>
=
PP
iat
a!
‘
a!
.*
:
A
=
‘
“1
gl
i,
-
=
x
a
—
—
b
-
yp
+
=
:
S"
../database_stage/files/p10/p10002221/s94106955/94106955_0007.dcm,72,tesseract,114.26827800005412,0.3169565217391304,0,"ACE
~4
nv
Pe
a
ol
‘
a
ee
eg
.
;
sg
f
ma
js
a
‘ha
1
~""
wae
:
—_—"
../database_stage/files/p10/p10002221/s94106955/94106955_0007.dcm,73,tesseract,120.3627940003571,0.24916666666666673,0,"ACE
>
»
Ey
aah
'
»
_—
ba
at
Foye
ene?
a
~
ie
hy
n
‘
val
‘
eo.
.
“a
—"
../database_stage/files/p10/p10002221/s94106955/94106955_0007.dcm,74,tesseract,101.71839200029353,0.2769230769230769,0,"ACE
oo
a:
a
3
x
a
eae
Ri
r
A
+
-"
../database_stage/files/p10/p10002221/s94106955/94106955_0007.dcm,75,tesseract,170.97855399970285,0.23470588235294118,0,"ACE
S.
s
2a
Gi
as
2
x
*
al
:
—L_
ae
‘
tly
oe
-
.
—*
“ae
.
ee
P
a
ae
Soe
—
=
r
S
=
ae
-
=
-
5
it
a
~
y
“+=
ee
%
A
.
.
1
"""
../database_stage/files/p10/p10002221/s94106955/94106955_0007.dcm,76,tesseract,117.24294000032387,0.34730769230769243,0,"ACE
s
eet
‘
.
2
xa
ne:
ay
ax
P
a
x
——
a
3
~»,
ae
—
‘
as
“
~
1
_
a"
../database_stage/files/p10/p10002221/s94106955/94106955_0007.dcm,77,tesseract,172.8977880002276,0.23955555555555558,0,"ACE
i
oy
ae
“ee
“w
cae
‘eat.
*
ew
-
_
-_
bo
=
y
Sra
it
~~
a
aS
ie
ae
yh
:
se
oy
~
%
ay,
os
3
‘
§
“=
x
<
~
=
~~
~~
<
.
10"
../database_stage/files/p10/p10002221/s94106955/94106955_0007.dcm,78,tesseract,124.337934000323,0.3539999999999999,0,"ACE
yaw
y.
“a
pana
4
mf:
a
nek
-
x
—
=e
*
a,
+
SR
ee
x
~~
>
-s
d
1
+"
../database_stage/files/p10/p10002221/s94106955/94106955_0007.dcm,79,tesseract,116.84831299953657,0.2742857142857144,0,"ACE
.
iva
ri
Mei
.
a
:
b
7
.
ro
a
”
5
oe
ll
w
~
ole
fui
oe
1
—_
1
*
“7
3"
../database_stage/files/p10/p10002221/s94106955/94106955_0007.dcm,80,tesseract,111.55916000006982,0.28090909090909094,0,"ACE
.
<<
ula
Pl
.
~
Ln
%
Po
“
5
es
“a
“
*
=)
.
*
~
%
—"
../database_stage/files/p10/p10002221/s94106955/94106955_0007.dcm,81,tesseract,127.4918199997046,0.2574074074074074,0,"ACE
Ye
ee
f
4
“
2
*
aaa
ee
on
es
>
a
et
‘
<a
Se
6
-
—.
~
~
—
~
1
~"
../database_stage/files/p10/p10002221/s94106955/94106955_0007.dcm,82,tesseract,98.44568100015749,0.2977777777777778,0,"ACE
Ss
™~
ee
Vv
x
ae
a
2
a
‘
ae
a
Bars
tee
1
—
."
../database_stage/files/p10/p10002221/s94106955/94106955_0007.dcm,83,tesseract,83.44566200048575,0.4116666666666667,0,"ACE
»
Vv
is
a
a"
../database_stage/files/p10/p10002221/s94106955/94106955_0007.dcm,84,tesseract,141.1683489995994,0.2535294117647059,0,"ACE
iy
any
*s
""
“~
x
~~
=.
pi
w
:
a
~~
Pes
.
ae
Se
-
z:
“
S
~?
F
*
‘x
eh
.
—
.
.~.
10
a
at"
../database_stage/files/p10/p10002221/s94106955/94106955_0007.dcm,85,tesseract,140.83704099994065,0.26361111111111124,0,"ACE
.
rae
.
J
aa
.
S
la
~
h,
Pra.
6%
ta
SD
‘ee
“
-
3
Pe
eS...
Sa
ae
iy
Ot
es
~
,
,
10
>,
Sa
.
""
os
ie,"
../database_stage/files/p10/p10002221/s94106955/94106955_0007.dcm,86,tesseract,137.68137999977625,0.3097222222222223,0,"ACE
eV
‘
.
-
=
ie
a
Ta
ae
ae
ar
<b
‘
tS
—
ot?
.
\
+
<
=
<
8)
—
——
‘
c*
,
~
1
Tah.
<—S.
4
=
7"
../database_stage/files/p10/p10002221/s94106955/94106955_0008.dcm,0,tesseract,181.06548299965652,0.2854901960784314,0,"ACE
.
tie
Vv
1
amt
eee
%
i
‘
ab
conte
—
a
¥
=""
~~.
+
oa
aes
.
+
«
*
A,
%
3
a
“~*%
a
7
™
=
SF
od
""cae
*
—
at
pal
—_
i
s
r"
../database_stage/files/p10/p10002221/s94106955/94106955_0008.dcm,1,tesseract,173.52466499960428,0.2854901960784314,0,"ACE
.
tie
Vv
1
amt
eee
%
i
‘
ab
conte
—
a
¥
=""
~~.
+
oa
aes
.
+
«
*
A,
%
3
a
“~*%
a
7
™
=
SF
od
""cae
*
—
at
pal
—_
i
s
r"
../database_stage/files/p10/p10002221/s94106955/94106955_0008.dcm,2,tesseract,179.33839800025453,0.2854901960784314,0,"ACE
.
tie
Vv
1
amt
eee
%
i
‘
ab
conte
—
a
¥
=""
~~.
+
oa
aes
.
+
«
*
A,
%
3
a
“~*%
a
7
™
=
SF
od
""cae
*
—
at
pal
—_
i
s
r"
../database_stage/files/p10/p10002221/s94106955/94106955_0008.dcm,3,tesseract,172.01847399974213,0.23777777777777775,0,"ACE
A
Vv
iv
4
tes
i?
a
‘
“~""
6.
Beat
.
ee
i
SA
se
—
~~
i
.
—
=
&
ae
-.
*
—.
Ss
oe
ii
Hs
10,
—
Ss
Mt"
../database_stage/files/p10/p10002221/s94106955/94106955_0008.dcm,4,tesseract,175.53314500037231,0.23777777777777775,0,"ACE
A
Vv
iv
4
tes
i?
a
‘
“~""
6.
Beat
.
ee
i
SA
se
—
~~
i
.
—
=
&
ae
-.
*
—.
Ss
oe
ii
Hs
10,
—
Ss
Mt"
../database_stage/files/p10/p10002221/s94106955/94106955_0008.dcm,5,tesseract,153.53541199965548,0.31837209302325586,0,"ACE
*
a
V
.
ge
x
b
aw
4
""
7
“7
”
a
es
.
ob
ae
.
**
-_
i
ma
<a
=
we
we
x
ay
“~~
#
w
\
5
i.
~
al
.
~~
,
=
~~"
../database_stage/files/p10/p10002221/s94106955/94106955_0008.dcm,6,tesseract,149.74660099960602,0.31837209302325586,0,"ACE
*
a
V
.
ge
x
b
aw
4
""
7
“7
”
a
es
.
ob
ae
.
**
-_
i
ma
<a
=
we
we
x
ay
“~~
#
w
\
5
i.
~
al
.
~~
,
=
~~"
../database_stage/files/p10/p10002221/s94106955/94106955_0008.dcm,7,tesseract,164.22635900016758,0.30534883720930245,0,"ACE
»
<i
V
.
‘a
eer
i?
te
-
”
-
i
ee
.
OS
nee
es
——.
—
ia
-
eo,
a
a)
ee
.
‘
.
WAS
=
~_
aed
a
a
)
a
=
2
=
?
~2
i"
../database_stage/files/p10/p10002221/s94106955/94106955_0008.dcm,8,tesseract,163.58210499947745,0.30534883720930245,0,"ACE
»
<i
V
.
‘a
eer
i?
te
-
”
-
i
ee
.
OS
nee
es
——.
—
ia
-
eo,
a
a)
ee
.
‘
.
WAS
=
~_
aed
a
a
)
a
=
2
=
?
~2
i"
../database_stage/files/p10/p10002221/s94106955/94106955_0008.dcm,9,tesseract,150.1346539998849,0.2631428571428572,0,"ACE
“a
“¢
Sie
v
i
Pl
ead
-
bd
.
‘
“as
eee
SRE
be
+e
:
-_=—
5.
>...
.
TS
_
Ss
:
-
—
TEE
~
.
10
i
—S
."
../database_stage/files/p10/p10002221/s94106955/94106955_0008.dcm,10,tesseract,152.5977219998822,0.2631428571428572,0,"ACE
“a
“¢
Sie
v
i
Pl
ead
-
bd
.
‘
“as
eee
SRE
be
+e
:
-_=—
5.
>...
.
TS
_
Ss
:
-
—
TEE
~
.
10
i
—S
."
../database_stage/files/p10/p10002221/s94106955/94106955_0008.dcm,11,tesseract,167.435848000423,0.2570731707317073,0,"ACE
“a
pr
©)
ea
v
™
_
pe
See
aka
¢
at
7
»
*
Pal
ae
<r
:
ee
“
_
—,
>""
""
~~
‘
a
ae,
es
‘Sa
a
ae
2
ay,
er
eee
10
a.
_"
../database_stage/files/p10/p10002221/s94106955/94106955_0008.dcm,12,tesseract,170.80308399999922,0.2570731707317073,0,"ACE
“a
pr
©)
ea
v
™
_
pe
See
aka
¢
at
7
»
*
Pal
ae
<r
:
ee
“
_
—,
>""
""
~~
‘
a
ae,
es
‘Sa
a
ae
2
ay,
er
eee
10
a.
_"
../database_stage/files/p10/p10002221/s94106955/94106955_0008.dcm,13,tesseract,86.83735199974763,0.3336363636363637,0,"ACE
bs
ie
7
V
‘
~*~
_
‘
=
-"
../database_stage/files/p10/p10002221/s94106955/94106955_0008.dcm,14,tesseract,90.74411500023416,0.3336363636363637,0,"ACE
bs
ie
7
V
‘
~*~
_
‘
=
-"
../database_stage/files/p10/p10002221/s94106955/94106955_0008.dcm,15,tesseract,153.60382899962133,0.2648648648648649,0,"ACE
Ys
x
15
Ana
ale
""
i,
7,
ergo
«a
eign
ae,
day
oS
a
Na
is
‘
Pe
\
—
——
OT
e4
a
ae
_——a
'
.
Be
-—
10
~
—
ae
="
../database_stage/files/p10/p10002221/s94106955/94106955_0008.dcm,16,tesseract,159.78171999995538,0.2648648648648649,0,"ACE
Ys
x
15
Ana
ale
""
i,
7,
ergo
«a
eign
ae,
day
oS
a
Na
is
‘
Pe
\
—
——
OT
e4
a
ae
_——a
'
.
Be
-—
10
~
—
ae
="
../database_stage/files/p10/p10002221/s94106955/94106955_0008.dcm,17,tesseract,161.073301000215,0.29794871794871797,0,"ACE
Ye
le
V
ee,
Ps
ty
-
—_£_
4
we
\
i
as
Le
a
rtd
7
9a
1&4
*
zz
‘
So
cy
?
~
es
i
1.
:
y
~
as
10
a
\.
ee
;"
../database_stage/files/p10/p10002221/s94106955/94106955_0008.dcm,18,tesseract,164.12224200030323,0.29794871794871797,0,"ACE
Ye
le
V
ee,
Ps
ty
-
—_£_
4
we
\
i
as
Le
a
rtd
7
9a
1&4
*
zz
‘
So
cy
?
~
es
i
1.
:
y
~
as
10
a
\.
ee
;"
../database_stage/files/p10/p10002221/s94106955/94106955_0008.dcm,19,tesseract,117.54004199974588,0.31038461538461537,0,"ACE
y
‘
“ier
i
V
~
a
L
A
‘
a
a
8
nee
.
oY
4
Fa
*
:
meres
.
we,
oe
43"
../database_stage/files/p10/p10002221/s94106955/94106955_0008.dcm,20,tesseract,116.26323899963609,0.31038461538461537,0,"ACE
y
‘
“ier
i
V
~
a
L
A
‘
a
a
8
nee
.
oY
4
Fa
*
:
meres
.
we,
oe
43"
../database_stage/files/p10/p10002221/s94106955/94106955_0008.dcm,21,tesseract,106.60702399945876,0.31214285714285717,0,"ACE
Ys
he
y
me
F
x
P
_
he
.
if.
se
A"
../database_stage/files/p10/p10002221/s94106955/94106955_0008.dcm,22,tesseract,105.55944699990505,0.31214285714285717,0,"ACE
Ys
he
y
me
F
x
P
_
he
.
if.
se
A"
../database_stage/files/p10/p10002221/s94106955/94106955_0008.dcm,23,tesseract,115.63919299987901,0.2651515151515152,0,"ACE
wi
4,
et
.
“
\
aay
i.
a
se
;
*
rf
ro
i.
by
‘
.
.
.
!
Pe
—
;
¥,
‘
ae
-~""
i
ae
z
t:"
../database_stage/files/p10/p10002221/s94106955/94106955_0008.dcm,24,tesseract,116.6784019997067,0.2651515151515152,0,"ACE
wi
4,
et
.
“
\
aay
i.
a
se
;
*
rf
ro
i.
by
‘
.
.
.
!
Pe
—
;
¥,
‘
ae
-~""
i
ae
z
t:"
../database_stage/files/p10/p10002221/s94106955/94106955_0008.dcm,25,tesseract,103.49515500001871,0.298,0,"ACE
Ye
.
he
ee
:
Gaee
et
.
.
Ss
.
se
ae
="
../database_stage/files/p10/p10002221/s94106955/94106955_0008.dcm,26,tesseract,102.79587900004117,0.298,0,"ACE
Ye
.
he
ee
:
Gaee
et
.
.
Ss
.
se
ae
="
../database_stage/files/p10/p10002221/s94106955/94106955_0008.dcm,27,tesseract,96.91710599963699,0.35066666666666674,0,"ACE
ye
ie
i
.
See
-
*
o
—
2
~
™
™
."
../database_stage/files/p10/p10002221/s94106955/94106955_0008.dcm,28,tesseract,96.93370700006199,0.35066666666666674,0,"ACE
ye
ie
i
.
See
-
*
o
—
2
~
™
™
."
../database_stage/files/p10/p10002221/s94106955/94106955_0008.dcm,29,tesseract,94.40279200043733,0.35066666666666674,0,"ACE
ye
ie
i
.
See
-
*
o
—
2
~
™
™
."
../database_stage/files/p10/p10002221/s94106955/94106955_0008.dcm,30,tesseract,109.90954699991562,0.295,0,"ACE
bn
Ste
Le
ae
.
eS
~
——
1
~~
ee"
../database_stage/files/p10/p10002221/s94106955/94106955_0008.dcm,31,tesseract,111.87126900040312,0.295,0,"ACE
bn
Ste
Le
ae
.
eS
~
——
1
~~
ee"
../database_stage/files/p10/p10002221/s94106955/94106955_0008.dcm,32,tesseract,114.84225399999559,0.34882352941176475,0,"ACE
s
ee
~
Pn
in
7
io
~s
A
‘
eres
.
ae
10
we
ee"
../database_stage/files/p10/p10002221/s94106955/94106955_0008.dcm,33,tesseract,113.74980500022502,0.34882352941176475,0,"ACE
s
ee
~
Pn
in
7
io
~s
A
‘
eres
.
ae
10
we
ee"
../database_stage/files/p10/p10002221/s94106955/94106955_0008.dcm,34,tesseract,135.1049270006115,0.3128571428571428,0,"ACE
fe
*,
‘
Es
<
=
*,
‘a
—
y
ea
;
~'
<a
ra
\
wh
we
_
=
‘
~~
al
xe
,
*
;
a
=
:
10.
es
eeu
i."
../database_stage/files/p10/p10002221/s94106955/94106955_0008.dcm,35,tesseract,138.47563800027274,0.3128571428571428,0,"ACE
fe
*,
‘
Es
<
=
*,
‘a
—
y
ea
;
~'
<a
ra
\
wh
we
_
=
‘
~~
al
xe
,
*
;
a
=
:
10.
es
eeu
i."
../database_stage/files/p10/p10002221/s94106955/94106955_0008.dcm,36,tesseract,172.47994100034703,0.2907894736842105,0,"ACE
Ye
\
Be
~
‘
2
eA
f
=
i
ae
a
A
_—.
i
“.
7""
=.
2
——""
+=
.
|
=a
'
\,
aia
Se
x
‘
w
a
—
os
104
7
*"
../database_stage/files/p10/p10002221/s94106955/94106955_0008.dcm,37,tesseract,171.48954200001754,0.2907894736842105,0,"ACE
Ye
\
Be
~
‘
2
eA
f
=
i
ae
a
A
_—.
i
“.
7""
=.
2
——""
+=
.
|
=a
'
\,
aia
Se
x
‘
w
a
—
os
104
7
*"
../database_stage/files/p10/p10002221/s94106955/94106955_0008.dcm,38,tesseract,105.7477080003082,0.313888888888889,0,"ACE
Ye
he
au
a
——————-
x
ts
-
ig
er
*
‘
=~
.
<>
M
-"
../database_stage/files/p10/p10002221/s94106955/94106955_0008.dcm,39,tesseract,107.42001000016899,0.313888888888889,0,"ACE
Ye
he
au
a
——————-
x
ts
-
ig
er
*
‘
=~
.
<>
M
-"
../database_stage/files/p10/p10002221/s94106955/94106955_0008.dcm,40,tesseract,161.36695699970005,0.30692307692307697,0,"ACE
Ye
ai
7
Ah}
eae
»
x
*
a
aie
pe
.
_
:
Ae
ee
sd
rm
1d
4“
.
i
ae
‘
.
4
See.
.
-
aa
a
d
‘
|
5
Cc
OF
a"
../database_stage/files/p10/p10002221/s94106955/94106955_0008.dcm,41,tesseract,162.58599100001447,0.30692307692307697,0,"ACE
Ye
ai
7
Ah}
eae
»
x
*
a
aie
pe
.
_
:
Ae
ee
sd
rm
1d
4“
.
i
ae
‘
.
4
See.
.
-
aa
a
d
‘
|
5
Cc
OF
a"
../database_stage/files/p10/p10002221/s94106955/94106955_0008.dcm,42,tesseract,115.73062200022832,0.2708,0,"ACE
De
x
.
oy
mars
—.
-
i""
:
*
P:
-
;
sf
-
ay
a=
4
—
‘
.
—
=
—s"
../database_stage/files/p10/p10002221/s94106955/94106955_0008.dcm,43,tesseract,110.08337000021129,0.2708,0,"ACE
De
x
.
oy
mars
—.
-
i""
:
*
P:
-
;
sf
-
ay
a=
4
—
‘
.
—
=
—s"
../database_stage/files/p10/p10002221/s94106955/94106955_0008.dcm,44,tesseract,98.18832700057101,0.25437499999999996,0,"ACE
_
s
‘
:
.
“i
tubs
w
=
.
=
>
——
—
,"
../database_stage/files/p10/p10002221/s94106955/94106955_0008.dcm,45,tesseract,98.04089200042654,0.25437499999999996,0,"ACE
_
s
‘
:
.
“i
tubs
w
=
.
=
>
——
—
,"
../database_stage/files/p10/p10002221/s94106955/94106955_0008.dcm,46,tesseract,79.03384400015057,0.34199999999999997,0,"ACE
Se
.
4
gate"
../database_stage/files/p10/p10002221/s94106955/94106955_0008.dcm,47,tesseract,81.4462469998034,0.34199999999999997,0,"ACE
Se
.
4
gate"
../database_stage/files/p10/p10002221/s94106955/94106955_0008.dcm,48,tesseract,114.69509800008382,0.3004,0,"ACE
Ye.
~
sy
>
pe
Ps
as
=
a
—
*
%
*
‘—
:
ham
a
-
x
a
x
.
:
—"
../database_stage/files/p10/p10002221/s94106955/94106955_0008.dcm,49,tesseract,114.44983100045647,0.3004,0,"ACE
Ye.
~
sy
>
pe
Ps
as
=
a
—
*
%
*
‘—
:
ham
a
-
x
a
x
.
:
—"
../database_stage/files/p10/p10002221/s94106955/94106955_0008.dcm,50,tesseract,76.82849699995131,0.755,0,"ACE
Ye"
../database_stage/files/p10/p10002221/s94106955/94106955_0008.dcm,51,tesseract,74.769734000256,0.755,0,"ACE
Ye"
../database_stage/files/p10/p10002221/s94106955/94106955_0008.dcm,52,tesseract,104.34107199944265,0.3231818181818182,0,"ACE
Ye
r
>
tna
by
-.
———-
s
€
4
va
re
1
S
~
:
.
/-
.
,
="
../database_stage/files/p10/p10002221/s94106955/94106955_0008.dcm,53,tesseract,98.32331899997371,0.3231818181818182,0,"ACE
Ye
r
>
tna
by
-.
———-
s
€
4
va
re
1
S
~
:
.
/-
.
,
="
